评论者主页,评论者昵称,评论者性别,评论者所在地,评论者微博数,评论者关注数,评论者粉丝数,评论内容,评论获赞数,评论发布时间
https://weibo.cn//u/6424578008,你别叫我吃内脏,女,湖南,123,161,45,u,0,2021-04-22 11:29 
https://weibo.cn//u/7385669220,我有头发你有么,男,广东,2135,1321,411,tttttttttttttttttt,0,2021-04-22 11:23 
https://weibo.cn//u/7139231214,you-drew-stars-around-my-scars,女,海外,4333,199,252,t t t t,0,2021-04-22 11:19 
https://weibo.cn//u/7374981914,今天抽到SP了么,女,福建,45,95,54,踢踢踢踢踢踢踢踢踢踢踢踢踢踢踢踢踢踢踢踢踢,0,2021-04-22 11:17 
评论者主页,评论者昵称,评论者性别,评论者所在地,评论者微博数,评论者关注数,评论者粉丝数,评论内容,评论获赞数,评论发布时间
https://weibo.cn//u/6424578008,你别叫我吃内脏,女,湖南,123,161,45,u,0,2021-04-22 11:29 
https://weibo.cn//u/7385669220,我有头发你有么,男,广东,2135,1321,411,tttttttttttttttttt,0,2021-04-22 11:23 
https://weibo.cn//u/7139231214,you-drew-stars-around-my-scars,女,海外,4333,199,252,t t t t,0,2021-04-22 11:19 
https://weibo.cn//u/7374981914,今天抽到SP了么,女,福建,45,95,54,踢踢踢踢踢踢踢踢踢踢踢踢踢踢踢踢踢踢踢踢踢,0,2021-04-22 11:17 
