https://weibo.cn//u/2299796711,椰子Lee-,男,其他,3670,93,338,第一句就想笑了 哈哈哈哈  喜欢的三人组！,0,2021-04-21 15:29,正面情绪！,名侦探柯南
https://weibo.cn//u/5791874047,雪里秋,女,海外,2345,165,295,哎？我好像已经看过了？,0,2021-04-21 15:25,正面情绪！,名侦探柯南
https://weibo.cn//u/5586923629,EMNOS,女,福建,16210,1042,1545,太水了，主线快进可以吗，不想看这种推理,2,2021-04-21 15:20,正面情绪！,名侦探柯南
https://weibo.cn//u/1833179992,酷艾舟啊,女,北京,9887,236,59,盲猜医生小黑[皱眉],0,2021-04-21 15:18,正面情绪！,名侦探柯南
https://weibo.cn//u/7149218028,深音_茶发,女,黑龙江,2604,70,24,期待下一话呀~,0,2021-04-21 15:16,正面情绪！,名侦探柯南
https://weibo.cn//u/6170553326,Sherlockkkk__,男,四川,306,83,35,哀酱我的,0,2021-04-21 15:40,正面情绪！,名侦探柯南
https://weibo.cn//u/5883030892,孤独的狼且命king,女,四川,12,26,23,赤井秀一冲冲冲，哀酱我最爱哈哈哈,0,2021-04-21 15:40,正面情绪！,名侦探柯南
https://weibo.cn//u/6571098491,Dinosaur072,男,广东,109,250,57,别问，小哀我的,0,2021-04-21 15:30,正面情绪！,名侦探柯南
https://weibo.cn//u/5991262371,从不stilll,女,四川,211,204,78,黑鸡,0,2021-04-21 15:28,正面情绪！,名侦探柯南
https://weibo.cn//u/5220683909,宇宙无敌小含砸,女,四川,4325,515,623,那个男人 ,2,2021-04-21 15:27,正面情绪！,名侦探柯南
https://weibo.cn//u/7222936258,Anselhalo,女,湖南,9,33,12,小哀  赤井秀一  呜呜呜呜呜呜呜呜,0,2021-04-21 15:24,正面情绪！,名侦探柯南
https://weibo.cn//u/6615782848,柒月柒夜柒,女,湖北,49,33,32,都喜欢没法选,0,2021-04-21 15:20,正面情绪！,名侦探柯南
https://weibo.cn//u/6495473996,请问去二仙桥怎么走,男,其他,315,231,75,啊！雪莉～,1,2021-04-21 15:20,正面情绪！,名侦探柯南
https://weibo.cn//u/5531823873,赵子健的头发,男,新疆,26,134,31,我哀！没错就是我的！,0,2021-04-21 15:19,正面情绪！,名侦探柯南
https://weibo.cn//u/6983565884,哈瓦那辣椒菠萝汁,男,海外,231,487,42,kid！,1,2021-04-21 15:17,正面情绪！,名侦探柯南
评论者主页,评论者昵称,评论者性别,评论者所在地,评论者微博数,评论者关注数,评论者粉丝数,评论内容,评论获赞数,评论发布时间,正面情绪！,名侦探柯南
https://weibo.cn//u/6170553326,Sherlockkkk__,男,四川,306,83,35,哀酱我的,0,2021-04-21 15:41,正面情绪！,名侦探柯南
https://weibo.cn//u/5883030892,孤独的狼且命king,女,四川,12,26,23,赤井秀一冲冲冲，哀酱我最爱哈哈哈,0,2021-04-21 15:40,正面情绪！,名侦探柯南
https://weibo.cn//u/6571098491,Dinosaur072,男,广东,109,250,57,别问，小哀我的,0,2021-04-21 15:31,正面情绪！,名侦探柯南
https://weibo.cn//u/5991262371,从不stilll,女,四川,211,204,78,黑鸡,0,2021-04-21 15:29,正面情绪！,名侦探柯南
https://weibo.cn//u/5220683909,宇宙无敌小含砸,女,四川,4325,515,623,那个男人 ,2,2021-04-21 15:27,正面情绪！,名侦探柯南
https://weibo.cn//u/7222936258,Anselhalo,女,湖南,9,33,12,小哀  赤井秀一  呜呜呜呜呜呜呜呜,0,2021-04-21 15:25,正面情绪！,名侦探柯南
https://weibo.cn//u/6615782848,柒月柒夜柒,女,湖北,49,33,32,都喜欢没法选,0,2021-04-21 15:21,正面情绪！,名侦探柯南
https://weibo.cn//u/6495473996,请问去二仙桥怎么走,男,其他,315,231,75,啊！雪莉～,1,2021-04-21 15:20,正面情绪！,名侦探柯南
https://weibo.cn//u/5531823873,赵子健的头发,男,新疆,26,134,31,我哀！没错就是我的！,0,2021-04-21 15:19,正面情绪！,名侦探柯南
https://weibo.cn//u/6983565884,哈瓦那辣椒菠萝汁,男,海外,231,487,42,kid！,1,2021-04-21 15:17,正面情绪！,名侦探柯南
https://weibo.cn//u/5223694865,伦敦烫球王,男,北京,219,488,114,回复@Carmen卡萌酱:,0,2021-04-21 15:41,正面情绪！,第五人格
https://weibo.cn//u/5345928744,Carmen卡萌酱,女,海外,87,174,262,回复@伦敦烫球王:🈚,0,2021-04-21 15:40,正面情绪！,第五人格
https://weibo.cn//u/5223694865,伦敦烫球王,男,北京,219,488,114,什么时候画我这个小可爱,0,2021-04-21 15:26,正面情绪！,第五人格
https://weibo.cn//u/2608519317,百言影,女,吉林,955,370,146,阔爱！,0,2021-04-21 15:23,正面情绪！,第五人格
https://weibo.cn//u/5878659096,超话社区,男,北京,9443,2357,162908442,你好，你感兴趣的“第五人格”已开通了超话社区～ 超话社区是微博旗下兴趣互动社区，快来与志同道合的小伙伴们一起交流互动吧！ 戳我进入>> ,0,2021-04-21 15:23,正面情绪！,第五人格
https://weibo.cn//u/5588566468,游戏百宝箱,男,北京,1376,76,3143593,转自第五人格吧，原文地址：,1,2021-04-21 15:22,正面情绪！,第五人格
https://weibo.cn//u/7342736307,零和秀一天长地久,女,海外,728,446,65,不是可以，而是以后大副就是现在的佣兵了,2,2021-04-21 15:31,正面情绪！,第五人格
https://weibo.cn//u/5109931315,孜然默,男,北京,15,114,1,安的猫，伞吸魂，感觉不免控的话防拦截能力还是比守墓差,0,2021-04-21 15:32,正面情绪！,第五人格
https://weibo.cn//u/3771467527,Csl乐介鼎,女,西藏,6620,703,10508,不清实用性，还得观望,0,2021-04-21 15:41,正面情绪！,第五人格
https://weibo.cn//u/5109931315,孜然默,男,北京,15,114,1,安的猫，伞吸魂，感觉不免控的话防拦截能力还是比守墓差,0,2021-04-21 15:32,正面情绪！,第五人格
https://weibo.cn//u/7342736307,零和秀一天长地久,女,海外,728,446,65,不是可以，而是以后大副就是现在的佣兵了,2,2021-04-21 15:32,正面情绪！,第五人格
https://weibo.cn//u/6669122171,颜初_Tommy,女,黑龙江,6735,703,5480,这个受到致命伤害不会倒地是指半血被打和被震慑吗 这描述看得我头晕眼花,0,2021-04-21 15:26,正面情绪！,第五人格
https://weibo.cn//u/7496194098,农村向阳,女,江西,53,584,122,新t0预订，预计代替佣兵,1,2021-04-21 15:25,正面情绪！,第五人格
https://weibo.cn//u/7448299597,广东国语言,女,北京,1940,444,6022,我觉得这个改得挺好的 到时看看实战吧,0,2021-04-21 15:24,正面情绪！,第五人格
https://weibo.cn//u/3634812777,鹿苑今生丶晗情此世-zxy_945,女,山东,3726,400,5156,觉得很强 半血也可以捞下人,0,2021-04-21 15:23,正面情绪！,第五人格
https://weibo.cn//banjieyantou,半截烟头,男,北京,3111,1364,1385,大副能在破轮手下救人了,0,2021-04-21 15:23,正面情绪！,第五人格
https://weibo.cn//u/5588566468,游戏百宝箱,男,北京,1376,76,3143596,转自第五人格吧，原文地址：,1,2021-04-21 15:23,正面情绪！,第五人格
https://weibo.cn//u/6230875668,i樱桃杏子,女,其他,290,213,14,俺也,0,2021-04-21 15:35,正面情绪！,第五人格
https://weibo.cn//u/7342736307,零和秀一天长地久,女,海外,728,446,65,我被两千绑在了庄园,0,2021-04-21 15:31,正面情绪！,第五人格
https://weibo.cn//u/7243338898,兔与棕榈熊,女,其他,1981,166,65,俺也,0,2021-04-21 15:27,正面情绪！,第五人格
