https://weibo.cn//u/6092623772,阿楽丶丶,女,浙江,7,80,26,回复@鹰鹰快给我挡刀:把我举报禁言了之后， 加好友跟我说 ，弟弟你为什么不说话 ，说我害怕了 ？,0,2021-04-21 14:08,正面情绪！
https://weibo.cn//u/6062481821,鹰鹰快给我挡刀,女,其他,186,46,59,我碰见好多赛前不发任务赛后说没完成任务的,0,2021-04-21 14:06,正面情绪！
https://weibo.cn//u/6092623772,阿楽丶丶,女,浙江,7,80,26,给姐妹们避雷,0,2021-04-21 13:59,正面情绪！
https://weibo.cn//u/6092623772,阿楽丶丶,女,浙江,7,80,26,无语了,0,2021-04-21 13:59,正面情绪！
评论者主页,评论者昵称,评论者性别,评论者所在地,评论者微博数,评论者关注数,评论者粉丝数,评论内容,评论获赞数,评论发布时间,正面情绪！
https://weibo.cn//u/6092623772,阿楽丶丶,女,浙江,7,80,26,回复@鹰鹰快给我挡刀:把我举报禁言了之后， 加好友跟我说 ，弟弟你为什么不说话 ，说我害怕了 ？,0,2021-04-21 14:08,正面情绪！
https://weibo.cn//u/6062481821,鹰鹰快给我挡刀,女,其他,186,46,59,我碰见好多赛前不发任务赛后说没完成任务的,0,2021-04-21 14:05,正面情绪！
https://weibo.cn//u/6092623772,阿楽丶丶,女,浙江,7,80,26,给姐妹们避雷,0,2021-04-21 13:59,正面情绪！
https://weibo.cn//u/6092623772,阿楽丶丶,女,浙江,7,80,26,无语了,0,2021-04-21 13:59,正面情绪！
评论者主页,评论者昵称,评论者性别,评论者所在地,评论者微博数,评论者关注数,评论者粉丝数,评论内容,评论获赞数,评论发布时间,正面情绪！
https://weibo.cn//u/6092623772,阿楽丶丶,女,浙江,6,80,26,回复@鹰鹰快给我挡刀:把我举报禁言了之后， 加好友跟我说 ，弟弟你为什么不说话 ，说我害怕了 ？,0,2021-04-21 14:08,正面情绪！
https://weibo.cn//u/6062481821,鹰鹰快给我挡刀,女,其他,186,46,59,我碰见好多赛前不发任务赛后说没完成任务的,0,2021-04-21 14:05,正面情绪！
https://weibo.cn//u/6092623772,阿楽丶丶,女,浙江,6,80,26,给姐妹们避雷,0,2021-04-21 13:59,正面情绪！
https://weibo.cn//u/6092623772,阿楽丶丶,女,浙江,6,80,26,无语了,0,2021-04-21 13:59,正面情绪！
评论者主页,评论者昵称,评论者性别,评论者所在地,评论者微博数,评论者关注数,评论者粉丝数,评论内容,评论获赞数,评论发布时间,正面情绪！
https://weibo.cn//u/6092623772,阿楽丶丶,女,浙江,6,80,26,回复@鹰鹰快给我挡刀:把我举报禁言了之后， 加好友跟我说 ，弟弟你为什么不说话 ，说我害怕了 ？,0,2021-04-21 14:08,正面情绪！
https://weibo.cn//u/6062481821,鹰鹰快给我挡刀,女,其他,186,46,59,我碰见好多赛前不发任务赛后说没完成任务的,0,2021-04-21 14:06,正面情绪！
https://weibo.cn//u/6092623772,阿楽丶丶,女,浙江,6,80,26,给姐妹们避雷,0,2021-04-21 13:59,正面情绪！
https://weibo.cn//u/6092623772,阿楽丶丶,女,浙江,6,80,26,无语了,0,2021-04-21 13:59,正面情绪！
评论者主页,评论者昵称,评论者性别,评论者所在地,评论者微博数,评论者关注数,评论者粉丝数,评论内容,评论获赞数,评论发布时间,正面情绪！
https://weibo.cn//u/6092623772,阿楽丶丶,女,浙江,6,80,26,回复@鹰鹰快给我挡刀:把我举报禁言了之后， 加好友跟我说 ，弟弟你为什么不说话 ，说我害怕了 ？,0,2021-04-21 14:08,正面情绪！
https://weibo.cn//u/6062481821,鹰鹰快给我挡刀,女,其他,186,46,59,我碰见好多赛前不发任务赛后说没完成任务的,0,2021-04-21 14:05,正面情绪！
https://weibo.cn//u/6092623772,阿楽丶丶,女,浙江,6,80,26,给姐妹们避雷,0,2021-04-21 13:59,正面情绪！
https://weibo.cn//u/6092623772,阿楽丶丶,女,浙江,6,80,26,无语了,0,2021-04-21 13:59,正面情绪！
评论者主页,评论者昵称,评论者性别,评论者所在地,评论者微博数,评论者关注数,评论者粉丝数,评论内容,评论获赞数,评论发布时间,正面情绪！
https://weibo.cn//u/6092623772,阿楽丶丶,女,浙江,6,80,26,回复@鹰鹰快给我挡刀:把我举报禁言了之后， 加好友跟我说 ，弟弟你为什么不说话 ，说我害怕了 ？,0,2021-04-21 14:08,正面情绪！
https://weibo.cn//u/6062481821,鹰鹰快给我挡刀,女,其他,186,46,59,我碰见好多赛前不发任务赛后说没完成任务的,0,2021-04-21 14:05,正面情绪！
https://weibo.cn//u/6092623772,阿楽丶丶,女,浙江,6,80,26,给姐妹们避雷,0,2021-04-21 13:59,正面情绪！
https://weibo.cn//u/6092623772,阿楽丶丶,女,浙江,6,80,26,无语了,0,2021-04-21 13:59,正面情绪！
评论者主页,评论者昵称,评论者性别,评论者所在地,评论者微博数,评论者关注数,评论者粉丝数,评论内容,评论获赞数,评论发布时间,正面情绪！
https://weibo.cn//u/6092623772,阿楽丶丶,女,浙江,6,80,26,回复@鹰鹰快给我挡刀:把我举报禁言了之后， 加好友跟我说 ，弟弟你为什么不说话 ，说我害怕了 ？,0,2021-04-21 14:08,正面情绪！
https://weibo.cn//u/6062481821,鹰鹰快给我挡刀,女,其他,186,46,59,我碰见好多赛前不发任务赛后说没完成任务的,0,2021-04-21 14:06,正面情绪！
https://weibo.cn//u/6092623772,阿楽丶丶,女,浙江,6,80,26,给姐妹们避雷,0,2021-04-21 13:59,正面情绪！
https://weibo.cn//u/6092623772,阿楽丶丶,女,浙江,6,80,26,无语了,0,2021-04-21 13:59,正面情绪！
评论者主页,评论者昵称,评论者性别,评论者所在地,评论者微博数,评论者关注数,评论者粉丝数,评论内容,评论获赞数,评论发布时间,正面情绪！
https://weibo.cn//u/6092623772,阿楽丶丶,女,浙江,6,80,26,回复@鹰鹰快给我挡刀:把我举报禁言了之后， 加好友跟我说 ，弟弟你为什么不说话 ，说我害怕了 ？,0,2021-04-21 14:08,正面情绪！
https://weibo.cn//u/6062481821,鹰鹰快给我挡刀,女,其他,186,46,59,我碰见好多赛前不发任务赛后说没完成任务的,0,2021-04-21 14:05,正面情绪！
https://weibo.cn//u/6092623772,阿楽丶丶,女,浙江,6,80,26,给姐妹们避雷,0,2021-04-21 13:59,正面情绪！
https://weibo.cn//u/6092623772,阿楽丶丶,女,浙江,6,80,26,无语了,0,2021-04-21 13:59,正面情绪！
