https://weibo.cn//u/6030715727,小撩will_,女,辽宁,218,58,167,左边那两坨黄色是啥子哈哈哈,0,2021-04-20 10:46 
,['左边那两坨黄色是啥子哈哈哈']

https://weibo.cn//u/6622328108,限定轩酱,男,江西,296,307,61,羡慕了！！要是用不完的话我愿意替你分担,0,2021-04-19 21:18
,['羡慕了！！要是用不完的话我愿意替你分担']

https://weibo.cn//u/6314259538,叶叶叶叶叶叶叶子呀,女,福建,74,85,9,后悔没买身体乳了，希望老骆这周三还有卖,0,2021-04-19 21:33
,['后悔没买身体乳了，希望老骆这周三还有卖']

https://weibo.cn//u/3982310407,薇光w,女,宁夏,71,261,3019,棒棒,0,2021-04-20 13:18 
,['棒棒']

https://weibo.cn//777580730,Satsuki是小倩吖,女,海外,512,191,2625,回复@小撩will_:chillmore沐浴露送的沐浴球哈哈哈哈,0,2021-04-20 13:04 
,['回复@小撩will_:chillmore沐浴露送的沐浴球哈哈哈哈']

https://weibo.cn//777580730,Satsuki是小倩吖,女,海外,512,191,2625,回复@l喝果汁吗:强迫症的迫使,0,2021-04-20 13:04 
,['回复@l喝果汁吗:强迫症的迫使']

https://weibo.cn//u/5873890516,骆王宇不举铁,女,其他,173,315,62,送我吧,0,2021-04-20 10:54 
,['送我吧']

https://weibo.cn//u/5743584438,l喝果汁吗,女,山东,137,84,68,每次看你拍的皂片都极度舒适,0,2021-04-20 10:49 
,['每次看你拍的皂片都极度舒适']

https://weibo.cn//u/6030715727,小撩will_,女,辽宁,218,58,167,左边那两坨黄色是啥子哈哈哈,0,2021-04-20 10:46 
,['左边那两坨黄色是啥子哈哈哈']

https://weibo.cn//u/6402395454,虾基儿,女,广东,68,217,38,这送的也太多了吧,0,2021-04-20 10:37 
,['这送的也太多了吧']

https://weibo.cn//u/6570813431,枸杞泡茶不秃头wyb,女,安徽,116,138,11,小倩,1,2021-04-20 09:54 
,['小倩']

https://weibo.cn//u/5867614732,你不要逼我吃香菜,女,福建,979,122,176,地址私你了 搞快点,1,2021-04-20 07:49 
,['地址私你了 搞快点']

https://weibo.cn//777580730,Satsuki是小倩吖,女,海外,512,191,2625,回复@Kellicc:对哒！我只在他直播间买,0,2021-04-20 00:33 
,['回复@Kellicc:对哒！我只在他直播间买']

https://weibo.cn//u/6571864523,Kellicc,女,江苏,152,360,292,回复@Satsuki是小倩吖:是在大娘直播间入的嘛,0,2021-04-20 00:32 
,['回复@Satsuki是小倩吖:是在大娘直播间入的嘛']

https://weibo.cn//777580730,Satsuki是小倩吖,女,海外,512,191,2625,回复@Kellicc:好用！！！一定要买！！！值得,0,2021-04-20 00:31 
,['回复@Kellicc:好用！！！一定要买！！！值得']

https://weibo.cn//u/6571864523,Kellicc,女,江苏,152,360,292,神秘博士面膜好用嘛！,0,2021-04-20 00:30 
,['神秘博士面膜好用嘛！']

https://weibo.cn//777580730,Satsuki是小倩吖,女,海外,512,191,2625,回复@你该荣幸724:没事，这周还会有的！,0,2021-04-20 00:24 
,['回复@你该荣幸724:没事，这周还会有的！']

https://weibo.cn//u/5860461465,Jennie的Jenny呀,女,广东,53,69,25,想抱住富婆大腿,0,2021-04-19 22:14
,['想抱住富婆大腿']

https://weibo.cn//u/3641696182,Fall-4,女,北京,690,332,457,真羡慕,0,2021-04-19 22:08
,['真羡慕']

https://weibo.cn//u/6386920161,你该荣幸724,男,其他,3,133,11,羡慕买了神秘博士面膜的,0,2021-04-19 22:02
,['羡慕买了神秘博士面膜的']

https://weibo.cn//u/6314259538,叶叶叶叶叶叶叶子呀,女,福建,74,85,9,回复@Satsuki是小倩吖:等你呦倩倩子～,0,2021-04-19 21:34
,['回复@Satsuki是小倩吖:等你呦倩倩子～']

https://weibo.cn//777580730,Satsuki是小倩吖,女,海外,512,191,2625,回复@叶叶叶叶叶叶叶子呀:今晚我试试，写个跟chillmore的对比,0,2021-04-19 21:33
,['回复@叶叶叶叶叶叶叶子呀:今晚我试试，写个跟chillmore的对比']

https://weibo.cn//u/6314259538,叶叶叶叶叶叶叶子呀,女,福建,74,85,9,后悔没买身体乳了，希望老骆这周三还有卖,0,2021-04-19 21:33
,['后悔没买身体乳了，希望老骆这周三还有卖']

https://weibo.cn//u/6622328108,限定轩酱,男,江西,296,307,61,回复@Satsuki是小倩吖:那没事了，有这钱出国际运费我都可以买一堆了,0,2021-04-19 21:31
,['回复@Satsuki是小倩吖:那没事了，有这钱出国际运费我都可以买一堆了']

https://weibo.cn//777580730,Satsuki是小倩吖,女,海外,512,191,2625,回复@叶叶叶叶叶叶叶子呀:hi！是我,0,2021-04-19 21:29
,['回复@叶叶叶叶叶叶叶子呀:hi！是我']

https://weibo.cn//777580730,Satsuki是小倩吖,女,海外,512,191,2625,回复@限定轩酱:好呀好呀！国际运费你来,1,2021-04-19 21:29
,['回复@限定轩酱:好呀好呀！国际运费你来']

https://weibo.cn//u/6622328108,限定轩酱,男,江西,296,307,61,羡慕了！！要是用不完的话我愿意替你分担,0,2021-04-19 21:18
,['羡慕了！！要是用不完的话我愿意替你分担']

https://weibo.cn//u/6314259538,叶叶叶叶叶叶叶子呀,女,福建,74,85,9,百货商店老板娘,0,2021-04-19 20:56
,['百货商店老板娘']

