https://weibo.cn//u/6082411560,逝去的cl,男,湖北,300,287,79,slay,0,2021-04-22 13:33,aaa
https://weibo.cn//u/5658621865,哈牛星探险家,女,其他,7419,640,188,     举报             赞[0]         回复             6分钟前 来自网页,0,2021-04-22 13:28,aaa
https://weibo.cn//chingdawn,糖纸纸嘅小日子,女,广东,2273,396,310,村樂天后,0,2021-04-22 13:09,aaa
https://weibo.cn//u/3288121971,Outsidereputation,男,广东,21,214,324,@Rep_13,0,2021-04-22 12:32 ,aaa
https://weibo.cn//u/5700287414,w乔·蒸饺smile,女,河北,244,83,178,     举报             赞[0]         回复             今天 12:07 来自网页,0,2021-04-22 12:07 ,aaa
https://weibo.cn//u/3720668372,初夏青枫,男,其他,893,204,107,定语天后,7,2021-04-22 11:56 ,aaa
评论者主页,评论者昵称,评论者性别,评论者所在地,评论者微博数,评论者关注数,评论者粉丝数,评论内容,评论获赞数,评论发布时间,aaa
https://weibo.cn//u/6082411560,逝去的cl,男,湖北,292,287,79,slay,0,2021-04-22 13:34,aaa
https://weibo.cn//u/5658621865,哈牛星探险家,女,其他,7420,640,188,     举报             赞[0]         回复             23分钟前 来自网页,0,2021-04-22 13:29,aaa
https://weibo.cn//chingdawn,糖纸纸嘅小日子,女,广东,2273,396,310,村樂天后,0,2021-04-22 13:10,aaa
https://weibo.cn//u/3288121971,Outsidereputation,男,广东,21,214,324,@Rep_13,0,2021-04-22 12:32 ,aaa
https://weibo.cn//u/5700287414,w乔·蒸饺smile,女,河北,244,83,178,     举报             赞[0]         回复             今天 12:07 来自网页,0,2021-04-22 12:07 ,aaa
https://weibo.cn//u/3720668372,初夏青枫,男,其他,893,204,107,定语天后,7,2021-04-22 11:56 ,aaa
