https://weibo.cn//u/6054741809,闹钟叫不醒-,女,海外,8174,212,284,苏芮琪 极光之城,0,2021-04-20 23:34
,['苏芮琪 极光之城']

https://weibo.cn//u/6692920344,这光就是我,女,海外,2522,902,281, 举报 赞[0] 回复 41分钟前 来自网页,0,2021-04-20 23:30
,['\xa0举报\xa0赞[0]\xa0回复\xa041分钟前\xa0来自网页']

https://weibo.cn//u/7248090669,皮卡酥_,男,广东,3841,70,622,苏芮琪 极光之城,0,2021-04-20 23:14
,['苏芮琪 极光之城']

https://weibo.cn//zxcstca,倷哪夯,女,江苏,26544,985,3274,苏芮琪 极光之城,0,2021-04-20 23:59
,['苏芮琪 极光之城']

https://weibo.cn//u/6054741809,闹钟叫不醒-,女,海外,8174,212,284,苏芮琪 极光之城,0,2021-04-20 23:34
,['苏芮琪 极光之城']

https://weibo.cn//u/6692920344,这光就是我,女,海外,2522,902,281,     举报             赞[0]         回复             41分钟前 来自网页,0,2021-04-20 23:31
,['    \xa0举报    \xa0        赞[0]        \xa0回复        \xa0    41分钟前\xa0来自网页']

https://weibo.cn//u/7248090669,皮卡酥_,男,广东,3841,70,622,苏芮琪 极光之城,0,2021-04-20 23:15
,['苏芮琪 极光之城']

https://weibo.cn//u/7470943269,苏rich梨,男,广东,958,75,520,苏芮琪 极光之城,0,2021-04-20 22:58
,['苏芮琪 极光之城']

https://weibo.cn//u/5511261090,苏rich是酥梨,女,广东,3761,265,46,苏芮琪 极光之城,0,2021-04-20 22:51
,['苏芮琪 极光之城']

https://weibo.cn//jonven,2shallpas_,女,其他,919,208,219,苏芮琪 极光之城,0,2021-04-20 22:33
,['苏芮琪 极光之城']

https://weibo.cn//u/2090898175,这是谁都认不出我的名字,男,其他,1560,244,1249,苏芮琪 极光之城 ,0,2021-04-20 22:30
,['苏芮琪 极光之城 ']

https://weibo.cn//callmequeensama,九头身莫奈,男,海外,4736,122,88,苏芮琪 极光之城,0,2021-04-20 22:27
,['苏芮琪 极光之城']

https://weibo.cn//u/1774222775,Sury小颖猫,女,其他,12248,78,223,苏芮琪 极光之城,0,2021-04-20 22:06
,['苏芮琪 极光之城']

https://weibo.cn//u/6751463901,充满母爱的小号,女,其他,5325,503,133,苏芮琪 极光之城,0,2021-04-20 21:59
,['苏芮琪 极光之城']

https://weibo.cn//u/7465434958,口吐芬芳十级选手,男,其他,1367,120,2,苏芮琪 极光之城,0,2021-04-20 21:53
,['苏芮琪 极光之城']

https://weibo.cn//u/6088212124,霏时雨,男,广东,2033,119,687,苏芮琪 极光之城,0,2021-04-20 21:23
,['苏芮琪 极光之城']

https://weibo.cn//u/7544191190,枫糖希奇,女,四川,335,24,1006,苏芮琪 极光之城,0,2021-04-20 21:20
,['苏芮琪 极光之城']

https://weibo.cn//agatec,怊彻,女,浙江,769,141,97,苏芮琪 极光之城,0,2021-04-20 12:17
,['苏芮琪 极光之城']

https://weibo.cn//u/6223902582,葭月肆_,女,江苏,850,133,53,苏芮琪 极光之城,0,2021-04-20 11:52
,['苏芮琪 极光之城']

