https://weibo.cn//u/7472193043,TaylorSwiftQueen13,男,浙江,221,669,411,关于什么,0,2021-04-22 13:04,aaa
https://weibo.cn//u/7387878556,Ivy-Swift11,女,广东,110,45,3,蹲+3,0,2021-04-22 12:55,aaa
https://weibo.cn//u/7288133035,damn_fancy,男,山东,310,290,56,蹲,0,2021-04-22 12:55,aaa
https://weibo.cn//u/3073599657,演员金智秀,男,其他,8288,579,1603,回复@熙二飞:,0,2021-04-22 12:53,aaa
https://weibo.cn//u/3073599657,演员金智秀,男,其他,8288,579,1603,回复@marveloustime:我也是,0,2021-04-22 12:53,aaa
https://weibo.cn//u/7331125738,marveloustime,女,其他,69,132,67,蹲。一楼里边那个我没搜到,1,2021-04-22 12:49,aaa
https://weibo.cn//u/2541355007,熙二飞,男,四川,403,308,1720829,回复@演员金智秀:我也是激动 看到马上就来说 结果 还是没有 这一期就这么一个视频,0,2021-04-22 12:13 ,aaa
https://weibo.cn//u/3073599657,演员金智秀,男,其他,8288,579,1603,回复@熙二飞:没有泰勒丝那部分😂,0,2021-04-22 11:20 ,aaa
https://weibo.cn//u/2541355007,熙二飞,男,四川,403,308,1720829,回复@Etherealea:这样可以回复俩个 右边红色关键字就可以搜到 哈哈bili上头 评论配图,1,2021-04-22 11:17 ,aaa
https://weibo.cn//u/6236637958,Etherealea,女,安徽,70,144,12,蹲,0,2021-04-22 11:05 ,aaa
评论者主页,评论者昵称,评论者性别,评论者所在地,评论者微博数,评论者关注数,评论者粉丝数,评论内容,评论获赞数,评论发布时间,aaa
https://weibo.cn//u/7472193043,TaylorSwiftQueen13,男,浙江,221,669,411,关于什么,1,2021-04-22 13:04,aaa
https://weibo.cn//u/7331125738,marveloustime,女,其他,69,132,67,蹲。一楼里边那个我没搜到,1,2021-04-22 12:49 ,aaa
https://weibo.cn//u/6236637958,Etherealea,女,安徽,70,144,12,蹲,1,2021-04-22 11:05 ,aaa
https://weibo.cn//u/3073599657,演员金智秀,男,其他,8289,581,1603,回复@TaylorSwiftQueen13:我也想知道,0,2021-04-22 13:46,aaa
https://weibo.cn//u/7472193043,TaylorSwiftQueen13,男,浙江,221,669,411,关于什么,1,2021-04-22 13:04,aaa
https://weibo.cn//u/7387878556,Ivy-Swift11,女,广东,110,45,3,蹲+3,1,2021-04-22 12:55,aaa
https://weibo.cn//u/7288133035,damn_fancy,男,山东,310,289,56,蹲,1,2021-04-22 12:54,aaa
https://weibo.cn//u/3073599657,演员金智秀,男,其他,8289,581,1603,回复@熙二飞:,0,2021-04-22 12:53 ,aaa
https://weibo.cn//u/3073599657,演员金智秀,男,其他,8289,581,1603,回复@marveloustime:我也是,0,2021-04-22 12:53 ,aaa
https://weibo.cn//u/7331125738,marveloustime,女,其他,69,132,67,蹲。一楼里边那个我没搜到,1,2021-04-22 12:49 ,aaa
https://weibo.cn//u/2541355007,熙二飞,男,四川,403,308,1720829,回复@演员金智秀:我也是激动 看到马上就来说 结果 还是没有 这一期就这么一个视频,0,2021-04-22 12:13 ,aaa
https://weibo.cn//u/3073599657,演员金智秀,男,其他,8289,581,1603,回复@熙二飞:没有泰勒丝那部分😂,0,2021-04-22 11:20 ,aaa
https://weibo.cn//u/2541355007,熙二飞,男,四川,403,308,1720829,回复@Etherealea:这样可以回复俩个 右边红色关键字就可以搜到 哈哈bili上头 评论配图,1,2021-04-22 11:17 ,aaa
https://weibo.cn//u/6236637958,Etherealea,女,安徽,70,144,12,蹲,1,2021-04-22 11:05 ,aaa
