https://weibo.cn//u/6170553326,Sherlockkkk__,男,四川,306,83,35,哀酱我的,0,2021-04-21 15:40,正面情绪！
https://weibo.cn//u/5883030892,孤独的狼且命king,女,四川,12,26,23,赤井秀一冲冲冲，哀酱我最爱哈哈哈,0,2021-04-21 15:40,正面情绪！
https://weibo.cn//u/6571098491,Dinosaur072,男,广东,109,250,57,别问，小哀我的,0,2021-04-21 15:30,正面情绪！
https://weibo.cn//u/5991262371,从不stilll,女,四川,211,204,78,黑鸡,0,2021-04-21 15:28,正面情绪！
https://weibo.cn//u/5220683909,宇宙无敌小含砸,女,四川,4325,515,623,那个男人 ,2,2021-04-21 15:27,正面情绪！
https://weibo.cn//u/7222936258,Anselhalo,女,湖南,9,33,12,小哀  赤井秀一  呜呜呜呜呜呜呜呜,0,2021-04-21 15:24,正面情绪！
https://weibo.cn//u/6615782848,柒月柒夜柒,女,湖北,49,33,32,都喜欢没法选,0,2021-04-21 15:20,正面情绪！
https://weibo.cn//u/6495473996,请问去二仙桥怎么走,男,其他,315,231,75,啊！雪莉～,1,2021-04-21 15:20,正面情绪！
https://weibo.cn//u/5531823873,赵子健的头发,男,新疆,26,134,31,我哀！没错就是我的！,0,2021-04-21 15:19,正面情绪！
https://weibo.cn//u/6983565884,哈瓦那辣椒菠萝汁,男,海外,231,487,42,kid！,1,2021-04-21 15:17,正面情绪！
评论者主页,评论者昵称,评论者性别,评论者所在地,评论者微博数,评论者关注数,评论者粉丝数,评论内容,评论获赞数,评论发布时间,正面情绪！
https://weibo.cn//u/6170553326,Sherlockkkk__,男,四川,306,83,35,哀酱我的,0,2021-04-21 15:41,正面情绪！
https://weibo.cn//u/5883030892,孤独的狼且命king,女,四川,12,26,23,赤井秀一冲冲冲，哀酱我最爱哈哈哈,0,2021-04-21 15:40,正面情绪！
https://weibo.cn//u/6571098491,Dinosaur072,男,广东,109,250,57,别问，小哀我的,0,2021-04-21 15:31,正面情绪！
https://weibo.cn//u/5991262371,从不stilll,女,四川,211,204,78,黑鸡,0,2021-04-21 15:29,正面情绪！
https://weibo.cn//u/5220683909,宇宙无敌小含砸,女,四川,4325,515,623,那个男人 ,2,2021-04-21 15:27,正面情绪！
https://weibo.cn//u/7222936258,Anselhalo,女,湖南,9,33,12,小哀  赤井秀一  呜呜呜呜呜呜呜呜,0,2021-04-21 15:25,正面情绪！
https://weibo.cn//u/6615782848,柒月柒夜柒,女,湖北,49,33,32,都喜欢没法选,0,2021-04-21 15:21,正面情绪！
https://weibo.cn//u/6495473996,请问去二仙桥怎么走,男,其他,315,231,75,啊！雪莉～,1,2021-04-21 15:20,正面情绪！
https://weibo.cn//u/5531823873,赵子健的头发,男,新疆,26,134,31,我哀！没错就是我的！,0,2021-04-21 15:19,正面情绪！
https://weibo.cn//u/6983565884,哈瓦那辣椒菠萝汁,男,海外,231,487,42,kid！,1,2021-04-21 15:17,正面情绪！
