https://weibo.cn//u/5588566468,游戏百宝箱,男,北京,1376,76,3143593,转自第五人格吧，原文地址：,1,2021-04-21 15:22,正面情绪！
https://weibo.cn//u/7342736307,零和秀一天长地久,女,海外,728,446,65,不是可以，而是以后大副就是现在的佣兵了,2,2021-04-21 15:31,正面情绪！
https://weibo.cn//u/5109931315,孜然默,男,北京,15,114,1,安的猫，伞吸魂，感觉不免控的话防拦截能力还是比守墓差,0,2021-04-21 15:32,正面情绪！
https://weibo.cn//u/3771467527,Csl乐介鼎,女,西藏,6620,703,10508,不清实用性，还得观望,0,2021-04-21 15:41,正面情绪！
https://weibo.cn//u/5109931315,孜然默,男,北京,15,114,1,安的猫，伞吸魂，感觉不免控的话防拦截能力还是比守墓差,0,2021-04-21 15:32,正面情绪！
https://weibo.cn//u/7342736307,零和秀一天长地久,女,海外,728,446,65,不是可以，而是以后大副就是现在的佣兵了,2,2021-04-21 15:32,正面情绪！
https://weibo.cn//u/6669122171,颜初_Tommy,女,黑龙江,6735,703,5480,这个受到致命伤害不会倒地是指半血被打和被震慑吗 这描述看得我头晕眼花,0,2021-04-21 15:26,正面情绪！
https://weibo.cn//u/7496194098,农村向阳,女,江西,53,584,122,新t0预订，预计代替佣兵,1,2021-04-21 15:25,正面情绪！
https://weibo.cn//u/7448299597,广东国语言,女,北京,1940,444,6022,我觉得这个改得挺好的 到时看看实战吧,0,2021-04-21 15:24,正面情绪！
https://weibo.cn//u/3634812777,鹿苑今生丶晗情此世-zxy_945,女,山东,3726,400,5156,觉得很强 半血也可以捞下人,0,2021-04-21 15:23,正面情绪！
https://weibo.cn//banjieyantou,半截烟头,男,北京,3111,1364,1385,大副能在破轮手下救人了,0,2021-04-21 15:23,正面情绪！
https://weibo.cn//u/5588566468,游戏百宝箱,男,北京,1376,76,3143596,转自第五人格吧，原文地址：,1,2021-04-21 15:23,正面情绪！
