https://weibo.cn//zxcstca,倷哪夯,女,江苏,26544,985,3274,晚安,0,2021-04-20 23:58,苏芮琪
,['晚安'],苏芮琪
https://weibo.cn//u/5464354488,南山易水,女,广东,2102,206,346,晚安,0,2021-04-20 23:54,苏芮琪
,['晚安'],苏芮琪
https://weibo.cn//u/6751463901,充满母爱的小号,女,其他,5325,503,133,晚安,0,2021-04-20 23:41,苏芮琪
,['晚安'],苏芮琪
https://weibo.cn//u/6054741809,闹钟叫不醒-,女,海外,8174,212,284,晚安,0,2021-04-20 23:33,苏芮琪
,['晚安'],苏芮琪
https://weibo.cn//u/5966041305,AH_Godot,女,重庆,470,56,8,晚安,0,2021-04-20 23:02,苏芮琪
,['晚安'],苏芮琪
https://weibo.cn//u/2090898175,这是谁都认不出我的名字,男,其他,1560,244,1249,苏芮琪 极光之城 ,0,2021-04-20 22:29,苏芮琪
,['苏芮琪 极光之城 '],苏芮琪
https://weibo.cn//u/6054741809,闹钟叫不醒-,女,海外,8174,212,284,苏芮琪 极光之城,0,2021-04-20 23:35,苏芮琪
,['苏芮琪 极光之城'],苏芮琪
https://weibo.cn//u/6692920344,这光就是我,女,海外,2522,902,281, 举报 赞[0] 回复 41分钟前 来自网页,0,2021-04-20 23:30,苏芮琪
,['\xa0举报\xa0赞[0]\xa0回复\xa041分钟前\xa0来自网页'],苏芮琪
https://weibo.cn//zxcstca,倷哪夯,女,江苏,26544,985,3274,苏芮琪 极光之城,0,2021-04-20 23:59,苏芮琪
,['苏芮琪 极光之城'],苏芮琪
https://weibo.cn//u/6054741809,闹钟叫不醒-,女,海外,8174,212,284,苏芮琪 极光之城,0,2021-04-20 23:35,苏芮琪
,['苏芮琪 极光之城'],苏芮琪
https://weibo.cn//u/6692920344,这光就是我,女,海外,2522,902,281,     举报             赞[0]         回复             41分钟前 来自网页,0,2021-04-20 23:30,苏芮琪
,['    \xa0举报    \xa0        赞[0]        \xa0回复        \xa0    41分钟前\xa0来自网页'],苏芮琪
https://weibo.cn//u/7248090669,皮卡酥_,男,广东,3841,70,622,苏芮琪 极光之城,0,2021-04-20 23:14,苏芮琪
,['苏芮琪 极光之城'],苏芮琪
https://weibo.cn//u/7470943269,苏rich梨,男,广东,958,75,520,苏芮琪 极光之城,0,2021-04-20 22:58,苏芮琪
,['苏芮琪 极光之城'],苏芮琪
https://weibo.cn//u/5511261090,苏rich是酥梨,女,广东,3761,265,46,苏芮琪 极光之城,0,2021-04-20 22:51,苏芮琪
,['苏芮琪 极光之城'],苏芮琪
https://weibo.cn//jonven,2shallpas_,女,其他,919,208,219,苏芮琪 极光之城,0,2021-04-20 22:33,苏芮琪
,['苏芮琪 极光之城'],苏芮琪
https://weibo.cn//u/2090898175,这是谁都认不出我的名字,男,其他,1560,244,1249,苏芮琪 极光之城 ,0,2021-04-20 22:29,苏芮琪
,['苏芮琪 极光之城 '],苏芮琪
https://weibo.cn//callmequeensama,九头身莫奈,男,海外,4736,122,88,苏芮琪 极光之城,0,2021-04-20 22:28,苏芮琪
,['苏芮琪 极光之城'],苏芮琪
https://weibo.cn//u/1774222775,Sury小颖猫,女,其他,12248,78,223,苏芮琪 极光之城,0,2021-04-20 22:06,苏芮琪
,['苏芮琪 极光之城'],苏芮琪
https://weibo.cn//u/6751463901,充满母爱的小号,女,其他,5325,503,133,苏芮琪 极光之城,0,2021-04-20 21:59,苏芮琪
,['苏芮琪 极光之城'],苏芮琪
https://weibo.cn//u/7465434958,口吐芬芳十级选手,男,其他,1367,120,2,苏芮琪 极光之城,0,2021-04-20 21:54,苏芮琪
,['苏芮琪 极光之城'],苏芮琪
https://weibo.cn//u/6088212124,霏时雨,男,广东,2033,119,687,苏芮琪 极光之城,0,2021-04-20 21:23,苏芮琪
,['苏芮琪 极光之城'],苏芮琪
https://weibo.cn//u/7544191190,枫糖希奇,女,四川,335,24,1006,苏芮琪 极光之城,0,2021-04-20 21:20,苏芮琪
,['苏芮琪 极光之城'],苏芮琪
https://weibo.cn//salaheckh,大黄蛋黄酱QUQ,女,其他,9748,148,247,苏芮琪 极光之城,0,2021-04-20 14:32,苏芮琪
,['苏芮琪 极光之城'],苏芮琪
https://weibo.cn//u/2090898175,这是谁都认不出我的名字,男,其他,1560,244,1249,苏芮琪 极光之城 ,0,2021-04-20 22:30,苏芮琪
,['苏芮琪 极光之城 '],苏芮琪
https://weibo.cn//callmequeensama,九头身莫奈,男,海外,4736,122,88,苏芮琪 极光之城,0,2021-04-20 22:27,苏芮琪
,['苏芮琪 极光之城'],苏芮琪
https://weibo.cn//u/1774222775,Sury小颖猫,女,其他,12248,78,223,苏芮琪 极光之城,0,2021-04-20 22:07,苏芮琪
,['苏芮琪 极光之城'],苏芮琪
https://weibo.cn//zxcstca,倷哪夯,女,江苏,26544,985,3274,苏芮琪 极光之城,0,2021-04-21 00:00,苏芮琪
,['苏芮琪 极光之城'],苏芮琪
https://weibo.cn//jonven,2shallpas_,女,其他,919,208,219,苏芮琪 极光之城,0,2021-04-20 22:33,苏芮琪
,['苏芮琪 极光之城'],苏芮琪
https://weibo.cn//u/2090898175,这是谁都认不出我的名字,男,其他,1560,244,1249,苏芮琪 极光之城 ,0,2021-04-20 22:30,苏芮琪
,['苏芮琪 极光之城 '],苏芮琪
https://weibo.cn//callmequeensama,九头身莫奈,男,海外,4736,122,88,苏芮琪 极光之城,0,2021-04-20 22:27,苏芮琪
,['苏芮琪 极光之城'],苏芮琪
https://weibo.cn//u/1774222775,Sury小颖猫,女,其他,12248,78,223,苏芮琪 极光之城,0,2021-04-20 22:07,苏芮琪
,['苏芮琪 极光之城'],苏芮琪
https://weibo.cn//u/6751463901,充满母爱的小号,女,其他,5325,503,133,苏芮琪 极光之城,0,2021-04-20 21:58,苏芮琪
,['苏芮琪 极光之城'],苏芮琪
https://weibo.cn//u/7465434958,口吐芬芳十级选手,男,其他,1367,120,2,苏芮琪 极光之城,0,2021-04-20 21:54,苏芮琪
,['苏芮琪 极光之城'],苏芮琪
https://weibo.cn//u/6088212124,霏时雨,男,广东,2033,119,687,苏芮琪 极光之城,0,2021-04-20 21:23,苏芮琪
,['苏芮琪 极光之城'],苏芮琪
https://weibo.cn//u/7544191190,枫糖希奇,女,四川,335,24,1006,苏芮琪 极光之城,0,2021-04-20 21:19,苏芮琪
,['苏芮琪 极光之城'],苏芮琪
https://weibo.cn//salaheckh,大黄蛋黄酱QUQ,女,其他,9748,148,247,苏芮琪 极光之城,0,2021-04-20 14:32,苏芮琪
,['苏芮琪 极光之城'],苏芮琪
https://weibo.cn//agatec,怊彻,女,浙江,769,141,97,苏芮琪 极光之城,0,2021-04-20 12:18,苏芮琪
,['苏芮琪 极光之城'],苏芮琪
https://weibo.cn//u/6223902582,葭月肆_,女,江苏,850,133,53,苏芮琪 极光之城,0,2021-04-20 11:52,苏芮琪
,['苏芮琪 极光之城'],苏芮琪
https://weibo.cn//u/6088212124,霏时雨,男,广东,2033,119,687,苏芮琪 极光之城,0,2021-04-20 21:23,苏芮琪
,['苏芮琪 极光之城'],苏芮琪
https://weibo.cn//u/6054741809,闹钟叫不醒-,女,海外,8174,212,284,苏芮琪 极光之城,0,2021-04-20 23:35,苏芮琪
,['苏芮琪 极光之城'],苏芮琪
https://weibo.cn//u/6692920344,这光就是我,女,海外,2522,902,281, 举报 赞[0] 回复 44分钟前 来自网页,0,2021-04-20 23:29,苏芮琪
,['\xa0举报\xa0赞[0]\xa0回复\xa044分钟前\xa0来自网页'],苏芮琪
https://weibo.cn//zxcstca,倷哪夯,女,江苏,26544,985,3274,苏芮琪 极光之城,0,2021-04-20 23:59,苏芮琪
,['苏芮琪 极光之城'],苏芮琪
https://weibo.cn//u/6054741809,闹钟叫不醒-,女,海外,8174,212,284,苏芮琪 极光之城,0,2021-04-20 23:35,苏芮琪
,['苏芮琪 极光之城'],苏芮琪
https://weibo.cn//u/6692920344,这光就是我,女,海外,2522,902,281,     举报             赞[0]         回复             44分钟前 来自网页,0,2021-04-20 23:29,苏芮琪
,['    \xa0举报    \xa0        赞[0]        \xa0回复        \xa0    44分钟前\xa0来自网页'],苏芮琪
https://weibo.cn//u/7248090669,皮卡酥_,男,广东,3841,70,622,苏芮琪 极光之城,0,2021-04-20 23:13,苏芮琪
,['苏芮琪 极光之城'],苏芮琪
https://weibo.cn//u/7470943269,苏rich梨,男,广东,958,75,520,苏芮琪 极光之城,0,2021-04-20 22:57,苏芮琪
,['苏芮琪 极光之城'],苏芮琪
https://weibo.cn//u/5511261090,苏rich是酥梨,女,广东,3761,265,46,苏芮琪 极光之城,0,2021-04-20 22:52,苏芮琪
,['苏芮琪 极光之城'],苏芮琪
https://weibo.cn//jonven,2shallpas_,女,其他,919,208,219,苏芮琪 极光之城,0,2021-04-20 22:31,苏芮琪
,['苏芮琪 极光之城'],苏芮琪
https://weibo.cn//u/2090898175,这是谁都认不出我的名字,男,其他,1561,244,1249,苏芮琪 极光之城 ,0,2021-04-20 22:30,苏芮琪
,['苏芮琪 极光之城 '],苏芮琪
https://weibo.cn//callmequeensama,九头身莫奈,男,海外,4736,122,88,苏芮琪 极光之城,0,2021-04-20 22:29,苏芮琪
,['苏芮琪 极光之城'],苏芮琪
https://weibo.cn//u/6751463901,充满母爱的小号,女,其他,5326,503,133,苏芮琪 极光之城,0,2021-04-20 21:59,苏芮琪
,['苏芮琪 极光之城'],苏芮琪
https://weibo.cn//u/6088212124,霏时雨,男,广东,2033,119,687,苏芮琪 极光之城,0,2021-04-20 21:23,苏芮琪
,['苏芮琪 极光之城'],苏芮琪
https://weibo.cn//salaheckh,大黄蛋黄酱QUQ,女,其他,9748,148,247,苏芮琪 极光之城,0,2021-04-20 14:33,苏芮琪
,['苏芮琪 极光之城'],苏芮琪
https://weibo.cn//agatec,怊彻,女,浙江,769,141,97,苏芮琪 极光之城,0,2021-04-20 12:18,苏芮琪
,['苏芮琪 极光之城'],苏芮琪
https://weibo.cn//u/6223902582,葭月肆_,女,江苏,850,133,53,苏芮琪 极光之城,0,2021-04-20 11:53,苏芮琪
,['苏芮琪 极光之城'],苏芮琪
https://weibo.cn//u/1774222775,Sury小颖猫,女,其他,12248,78,223,苏芮琪 极光之城,0,2021-04-20 08:44,苏芮琪
,['苏芮琪 极光之城'],苏芮琪
https://weibo.cn//u/6692920344,这光就是我,女,海外,2522,902,281, 举报 赞[0] 回复 42分钟前 来自网页,0,2021-04-20 23:30,苏芮琪
,['\xa0举报\xa0赞[0]\xa0回复\xa042分钟前\xa0来自网页'],苏芮琪
https://weibo.cn//u/6054741809,闹钟叫不醒-,女,海外,8174,212,284,苏芮琪 极光之城,0,2021-04-20 23:34,苏芮琪
,['苏芮琪 极光之城'],苏芮琪
https://weibo.cn//u/7248090669,皮卡酥_,男,广东,3841,70,622,苏芮琪 极光之城,0,2021-04-20 23:14,苏芮琪
,['苏芮琪 极光之城'],苏芮琪
https://weibo.cn//u/6054741809,闹钟叫不醒-,女,海外,8174,212,284,苏芮琪 极光之城,0,2021-04-20 23:34,苏芮琪
,['苏芮琪 极光之城'],苏芮琪
https://weibo.cn//u/6692920344,这光就是我,女,海外,2522,902,281,     举报             赞[0]         回复             42分钟前 来自网页,0,2021-04-20 23:30,苏芮琪
,['    \xa0举报    \xa0        赞[0]        \xa0回复        \xa0    42分钟前\xa0来自网页'],苏芮琪
https://weibo.cn//u/7248090669,皮卡酥_,男,广东,3841,70,622,苏芮琪 极光之城,0,2021-04-20 23:14,苏芮琪
,['苏芮琪 极光之城'],苏芮琪
https://weibo.cn//salaheckh,大黄蛋黄酱QUQ,女,其他,9748,148,247,苏芮琪 极光之城,0,2021-04-20 22:58,苏芮琪
,['苏芮琪 极光之城'],苏芮琪
https://weibo.cn//u/7470943269,苏rich梨,男,广东,958,75,520,苏芮琪 极光之城,0,2021-04-20 22:57,苏芮琪
,['苏芮琪 极光之城'],苏芮琪
https://weibo.cn//u/5511261090,苏rich是酥梨,女,广东,3761,265,46,苏芮琪 极光之城,0,2021-04-20 22:52,苏芮琪
,['苏芮琪 极光之城'],苏芮琪
https://weibo.cn//jonven,2shallpas_,女,其他,919,208,219,苏芮琪 极光之城,0,2021-04-20 22:32,苏芮琪
,['苏芮琪 极光之城'],苏芮琪
https://weibo.cn//u/2090898175,这是谁都认不出我的名字,男,其他,1560,244,1249,苏芮琪 极光之城 ,0,2021-04-20 22:30,苏芮琪
,['苏芮琪 极光之城 '],苏芮琪
https://weibo.cn//callmequeensama,九头身莫奈,男,海外,4736,122,88,苏芮琪 极光之城,0,2021-04-20 22:29,苏芮琪
,['苏芮琪 极光之城'],苏芮琪
https://weibo.cn//u/6751463901,充满母爱的小号,女,其他,5325,503,133,苏芮琪 极光之城,0,2021-04-20 21:59,苏芮琪
,['苏芮琪 极光之城'],苏芮琪
https://weibo.cn//u/7465434958,口吐芬芳十级选手,男,其他,1367,120,2,苏芮琪 极光之城,0,2021-04-20 21:53,苏芮琪
,['苏芮琪 极光之城'],苏芮琪
https://weibo.cn//u/6088212124,霏时雨,男,广东,2033,119,687,苏芮琪 极光之城,0,2021-04-20 21:23,苏芮琪
,['苏芮琪 极光之城'],苏芮琪
https://weibo.cn//agatec,怊彻,女,浙江,769,141,97,苏芮琪 极光之城,0,2021-04-20 12:19,苏芮琪
,['苏芮琪 极光之城'],苏芮琪
https://weibo.cn//u/6223902582,葭月肆_,女,江苏,850,133,53,苏芮琪 极光之城,0,2021-04-20 11:53,苏芮琪
,['苏芮琪 极光之城'],苏芮琪
https://weibo.cn//u/1774222775,Sury小颖猫,女,其他,12248,78,223,苏芮琪 极光之城,0,2021-04-20 08:44,苏芮琪
,['苏芮琪 极光之城'],苏芮琪
https://weibo.cn//u/7544191190,枫糖希奇,女,四川,335,24,1006,苏芮琪 极光之城,0,2021-04-20 08:29,苏芮琪
,['苏芮琪 极光之城'],苏芮琪
https://weibo.cn//u/5592117773,火箭女孩的刘小宝,男,北京,4946,1844,874,     举报             赞[0]         回复             04月20日 20:15 来自网页,0,2021-04-20 20:15,苏芮琪
,['    \xa0举报    \xa0        赞[0]        \xa0回复        \xa0    04月20日 20:15\xa0来自网页'],苏芮琪
https://weibo.cn//u/5592117773,火箭女孩的刘小宝,男,北京,4946,1844,874,     举报             赞[0]         回复             04月20日 19:03 来自网页,0,2021-04-20 19:03,苏芮琪
,['    \xa0举报    \xa0        赞[0]        \xa0回复        \xa0    04月20日 19:03\xa0来自网页'],苏芮琪
https://weibo.cn//u/5592117773,火箭女孩的刘小宝,男,北京,4946,1844,874,👏,0,2021-04-20 17:20,苏芮琪
,['👏'],苏芮琪
https://weibo.cn//u/5592117773,火箭女孩的刘小宝,男,北京,4946,1844,874,     举报             赞[0]         回复             04月20日 15:50 来自网页,0,2021-04-20 15:50,苏芮琪
,['    \xa0举报    \xa0        赞[0]        \xa0回复        \xa0    04月20日 15:50\xa0来自网页'],苏芮琪
https://weibo.cn//u/5592117773,火箭女孩的刘小宝,男,北京,4946,1844,874,     举报             赞[0]         回复             04月20日 14:52 来自网页,0,2021-04-20 14:52,苏芮琪
,['    \xa0举报    \xa0        赞[0]        \xa0回复        \xa0    04月20日 14:52\xa0来自网页'],苏芮琪
https://weibo.cn//u/1721929574,我是一颗麦子啊偶,女,上海,1515,2029,502,花姐的图让人想入非非,0,2021-04-20 19:25,苏芮琪
,['花姐的图让人想入非非'],苏芮琪
https://weibo.cn//u/5966041305,AH_Godot,女,重庆,470,56,8,i🌸报到,0,2021-04-20 20:47,苏芮琪
,['i🌸报到'],苏芮琪
https://weibo.cn//u/6760444912,秃头夏木_,女,北京,2300,453,1267,我又行了,0,2021-04-20 20:44,苏芮琪
,['我又行了'],苏芮琪
https://weibo.cn//u/6349703983,Srqgogogo,男,广东,4469,213,2010,     举报             赞[0]         回复             04月20日 22:25 来自网页,0,2021-04-20 22:25,苏芮琪
,['    \xa0举报    \xa0        赞[0]        \xa0回复        \xa0    04月20日 22:25\xa0来自网页'],苏芮琪
https://weibo.cn//u/6751463901,充满母爱的小号,女,其他,5325,503,133,谁家的🌸,0,2021-04-20 21:56,苏芮琪
,['谁家的🌸'],苏芮琪
https://weibo.cn//u/5966041305,AH_Godot,女,重庆,470,56,8,i🌸报到,0,2021-04-20 20:47,苏芮琪
,['i🌸报到'],苏芮琪
https://weibo.cn//u/7530301328,小韩好难好烦,女,其他,366,98,1,     举报             赞[0]         回复             04月20日 20:46 来自网页,0,2021-04-20 20:46,苏芮琪
,['    \xa0举报    \xa0        赞[0]        \xa0回复        \xa0    04月20日 20:46\xa0来自网页'],苏芮琪
https://weibo.cn//u/6760444912,秃头夏木_,女,北京,2300,453,1267,我又行了,0,2021-04-20 20:44,苏芮琪
,['我又行了'],苏芮琪
https://weibo.cn//u/2669449133,蓝标签才外借,女,北京,1575,875,1546,图2⃣️也是我能看的么？想入非非,0,2021-04-20 19:50,苏芮琪
,['图2⃣️也是我能看的么？想入非非'],苏芮琪
https://weibo.cn//u/2669449133,蓝标签才外借,女,北京,1575,875,1546,回复@我是一颗麦子啊偶:你好那个哦,0,2021-04-20 19:49,苏芮琪
,['回复@我是一颗麦子啊偶:你好那个哦'],苏芮琪
https://weibo.cn//u/5361016301,林詩梅,女,其他,34189,1771,687,反正过了18岁？,0,2021-04-20 19:35,苏芮琪
,['反正过了18岁？'],苏芮琪
https://weibo.cn//u/5361016301,林詩梅,女,其他,34189,1771,687,回复@我是一颗麦子啊偶:我觉得文案更加让人想入非非哈哈哈哈哈,0,2021-04-20 19:35,苏芮琪
,['回复@我是一颗麦子啊偶:我觉得文案更加让人想入非非哈哈哈哈哈'],苏芮琪
https://weibo.cn//u/1721929574,我是一颗麦子啊偶,女,上海,1515,2029,502,花姐的图让人想入非非,0,2021-04-20 19:25,苏芮琪
,['花姐的图让人想入非非'],苏芮琪
https://weibo.cn//u/1597229157,Zoic_Hoo,女,海外,1076,935,1251,耳朵好圆啊,0,2021-04-20 18:38,苏芮琪
,['耳朵好圆啊'],苏芮琪
https://weibo.cn//u/6054741809,闹钟叫不醒-,女,海外,8174,212,284,苏芮琪 极光之城,0,2021-04-20 23:34,苏芮琪
,['苏芮琪 极光之城'],苏芮琪
https://weibo.cn//u/6692920344,这光就是我,女,海外,2522,902,281, 举报 赞[0] 回复 41分钟前 来自网页,0,2021-04-20 23:30,苏芮琪
,['\xa0举报\xa0赞[0]\xa0回复\xa041分钟前\xa0来自网页'],苏芮琪
https://weibo.cn//u/7248090669,皮卡酥_,男,广东,3841,70,622,苏芮琪 极光之城,0,2021-04-20 23:14,苏芮琪
,['苏芮琪 极光之城'],苏芮琪
https://weibo.cn//zxcstca,倷哪夯,女,江苏,26544,985,3274,苏芮琪 极光之城,0,2021-04-20 23:59,苏芮琪
,['苏芮琪 极光之城'],苏芮琪
https://weibo.cn//u/6054741809,闹钟叫不醒-,女,海外,8174,212,284,苏芮琪 极光之城,0,2021-04-20 23:34,苏芮琪
,['苏芮琪 极光之城'],苏芮琪
https://weibo.cn//u/6692920344,这光就是我,女,海外,2522,902,281,     举报             赞[0]         回复             41分钟前 来自网页,0,2021-04-20 23:31,苏芮琪
,['    \xa0举报    \xa0        赞[0]        \xa0回复        \xa0    41分钟前\xa0来自网页'],苏芮琪
https://weibo.cn//u/7248090669,皮卡酥_,男,广东,3841,70,622,苏芮琪 极光之城,0,2021-04-20 23:15,苏芮琪
,['苏芮琪 极光之城'],苏芮琪
https://weibo.cn//u/7470943269,苏rich梨,男,广东,958,75,520,苏芮琪 极光之城,0,2021-04-20 22:58,苏芮琪
,['苏芮琪 极光之城'],苏芮琪
https://weibo.cn//u/5511261090,苏rich是酥梨,女,广东,3761,265,46,苏芮琪 极光之城,0,2021-04-20 22:51,苏芮琪
,['苏芮琪 极光之城'],苏芮琪
https://weibo.cn//jonven,2shallpas_,女,其他,919,208,219,苏芮琪 极光之城,0,2021-04-20 22:33,苏芮琪
,['苏芮琪 极光之城'],苏芮琪
https://weibo.cn//u/2090898175,这是谁都认不出我的名字,男,其他,1560,244,1249,苏芮琪 极光之城 ,0,2021-04-20 22:30,苏芮琪
,['苏芮琪 极光之城 '],苏芮琪
https://weibo.cn//callmequeensama,九头身莫奈,男,海外,4736,122,88,苏芮琪 极光之城,0,2021-04-20 22:27,苏芮琪
,['苏芮琪 极光之城'],苏芮琪
https://weibo.cn//u/1774222775,Sury小颖猫,女,其他,12248,78,223,苏芮琪 极光之城,0,2021-04-20 22:06,苏芮琪
,['苏芮琪 极光之城'],苏芮琪
https://weibo.cn//u/6751463901,充满母爱的小号,女,其他,5325,503,133,苏芮琪 极光之城,0,2021-04-20 21:59,苏芮琪
,['苏芮琪 极光之城'],苏芮琪
https://weibo.cn//u/7465434958,口吐芬芳十级选手,男,其他,1367,120,2,苏芮琪 极光之城,0,2021-04-20 21:53,苏芮琪
,['苏芮琪 极光之城'],苏芮琪
https://weibo.cn//u/6088212124,霏时雨,男,广东,2033,119,687,苏芮琪 极光之城,0,2021-04-20 21:23,苏芮琪
,['苏芮琪 极光之城'],苏芮琪
https://weibo.cn//u/7544191190,枫糖希奇,女,四川,335,24,1006,苏芮琪 极光之城,0,2021-04-20 21:20,苏芮琪
,['苏芮琪 极光之城'],苏芮琪
https://weibo.cn//agatec,怊彻,女,浙江,769,141,97,苏芮琪 极光之城,0,2021-04-20 12:17,苏芮琪
,['苏芮琪 极光之城'],苏芮琪
https://weibo.cn//u/6223902582,葭月肆_,女,江苏,850,133,53,苏芮琪 极光之城,0,2021-04-20 11:52,苏芮琪
,['苏芮琪 极光之城'],苏芮琪
https://weibo.cn//u/6054741809,闹钟叫不醒-,女,海外,8174,212,284,苏芮琪 极光之城,0,2021-04-20 23:34,苏芮琪
,['苏芮琪 极光之城'],苏芮琪
https://weibo.cn//u/7248090669,皮卡酥_,男,广东,3841,70,622,苏芮琪 极光之城,0,2021-04-20 23:14,苏芮琪
,['苏芮琪 极光之城'],苏芮琪
https://weibo.cn//u/7470943269,苏rich梨,男,广东,958,75,520,苏芮琪 极光之城,0,2021-04-20 22:58,苏芮琪
,['苏芮琪 极光之城'],苏芮琪
https://weibo.cn//zxcstca,倷哪夯,女,江苏,26544,985,3274,苏芮琪 极光之城,0,2021-04-21 00:00,苏芮琪
,['苏芮琪 极光之城'],苏芮琪
https://weibo.cn//u/6054741809,闹钟叫不醒-,女,海外,8174,212,284,苏芮琪 极光之城,0,2021-04-20 23:35,苏芮琪
,['苏芮琪 极光之城'],苏芮琪
https://weibo.cn//u/6692920344,这光就是我,女,海外,2522,902,281,     举报             赞[0]         回复             40分钟前 来自网页,0,2021-04-20 23:31,苏芮琪
,['    \xa0举报    \xa0        赞[0]        \xa0回复        \xa0    40分钟前\xa0来自网页'],苏芮琪
https://weibo.cn//u/7248090669,皮卡酥_,男,广东,3841,70,622,苏芮琪 极光之城,0,2021-04-20 23:15,苏芮琪
,['苏芮琪 极光之城'],苏芮琪
https://weibo.cn//u/7470943269,苏rich梨,男,广东,958,75,520,苏芮琪 极光之城,0,2021-04-20 22:58,苏芮琪
,['苏芮琪 极光之城'],苏芮琪
https://weibo.cn//u/5511261090,苏rich是酥梨,女,广东,3761,265,46,苏芮琪 极光之城,0,2021-04-20 22:50,苏芮琪
,['苏芮琪 极光之城'],苏芮琪
https://weibo.cn//jonven,2shallpas_,女,其他,919,208,219,苏芮琪 极光之城,0,2021-04-20 22:33,苏芮琪
,['苏芮琪 极光之城'],苏芮琪
https://weibo.cn//u/2090898175,这是谁都认不出我的名字,男,其他,1560,244,1249,苏芮琪 极光之城 ,0,2021-04-20 22:29,苏芮琪
,['苏芮琪 极光之城 '],苏芮琪
https://weibo.cn//callmequeensama,九头身莫奈,男,海外,4736,122,88,苏芮琪 极光之城,0,2021-04-20 22:28,苏芮琪
,['苏芮琪 极光之城'],苏芮琪
https://weibo.cn//u/1774222775,Sury小颖猫,女,其他,12248,78,223,苏芮琪 极光之城,0,2021-04-20 22:06,苏芮琪
,['苏芮琪 极光之城'],苏芮琪
https://weibo.cn//u/6751463901,充满母爱的小号,女,其他,5325,503,133,苏芮琪 极光之城,0,2021-04-20 21:58,苏芮琪
,['苏芮琪 极光之城'],苏芮琪
https://weibo.cn//u/7465434958,口吐芬芳十级选手,男,其他,1367,120,2,苏芮琪 极光之城,0,2021-04-20 21:54,苏芮琪
,['苏芮琪 极光之城'],苏芮琪
https://weibo.cn//u/6088212124,霏时雨,男,广东,2033,119,687,苏芮琪 极光之城,0,2021-04-20 21:23,苏芮琪
,['苏芮琪 极光之城'],苏芮琪
https://weibo.cn//u/7544191190,枫糖希奇,女,四川,335,24,1006,苏芮琪 极光之城,0,2021-04-20 21:20,苏芮琪
,['苏芮琪 极光之城'],苏芮琪
https://weibo.cn//u/6054741809,闹钟叫不醒-,女,海外,8174,212,284,苏芮琪 极光之城,0,2021-04-20 23:35,苏芮琪
,['苏芮琪 极光之城'],苏芮琪
https://weibo.cn//u/6088212124,霏时雨,男,广东,2033,119,687,苏芮琪 极光之城,0,2021-04-20 21:23,苏芮琪
,['苏芮琪 极光之城'],苏芮琪
https://weibo.cn//agatec,怊彻,女,浙江,769,141,97,苏芮琪 极光之城,0,2021-04-20 12:18,苏芮琪
,['苏芮琪 极光之城'],苏芮琪
https://weibo.cn//zxcstca,倷哪夯,女,江苏,26544,985,3274,苏芮琪 极光之城,0,2021-04-20 23:59,苏芮琪
,['苏芮琪 极光之城'],苏芮琪
https://weibo.cn//u/6054741809,闹钟叫不醒-,女,海外,8174,212,284,苏芮琪 极光之城,0,2021-04-20 23:35,苏芮琪
,['苏芮琪 极光之城'],苏芮琪
https://weibo.cn//u/6692920344,这光就是我,女,海外,2522,902,281,     举报             赞[0]         回复             43分钟前 来自网页,0,2021-04-20 23:30,苏芮琪
,['    \xa0举报    \xa0        赞[0]        \xa0回复        \xa0    43分钟前\xa0来自网页'],苏芮琪
https://weibo.cn//u/7248090669,皮卡酥_,男,广东,3841,70,622,苏芮琪 极光之城,0,2021-04-20 23:15,苏芮琪
,['苏芮琪 极光之城'],苏芮琪
https://weibo.cn//u/7470943269,苏rich梨,男,广东,958,75,520,苏芮琪 极光之城,0,2021-04-20 22:57,苏芮琪
,['苏芮琪 极光之城'],苏芮琪
https://weibo.cn//u/5511261090,苏rich是酥梨,女,广东,3761,265,46,苏芮琪 极光之城,0,2021-04-20 22:52,苏芮琪
,['苏芮琪 极光之城'],苏芮琪
https://weibo.cn//jonven,2shallpas_,女,其他,919,208,219,苏芮琪 极光之城,0,2021-04-20 22:31,苏芮琪
,['苏芮琪 极光之城'],苏芮琪
https://weibo.cn//u/2090898175,这是谁都认不出我的名字,男,其他,1561,244,1249,苏芮琪 极光之城 ,0,2021-04-20 22:30,苏芮琪
,['苏芮琪 极光之城 '],苏芮琪
https://weibo.cn//u/6751463901,充满母爱的小号,女,其他,5325,503,133,苏芮琪 极光之城,0,2021-04-20 21:58,苏芮琪
,['苏芮琪 极光之城'],苏芮琪
https://weibo.cn//u/7465434958,口吐芬芳十级选手,男,其他,1367,120,2,苏芮琪 极光之城,0,2021-04-20 21:54,苏芮琪
,['苏芮琪 极光之城'],苏芮琪
https://weibo.cn//u/6088212124,霏时雨,男,广东,2033,119,687,苏芮琪 极光之城,0,2021-04-20 21:23,苏芮琪
,['苏芮琪 极光之城'],苏芮琪
https://weibo.cn//salaheckh,大黄蛋黄酱QUQ,女,其他,9748,148,247,苏芮琪 极光之城,0,2021-04-20 14:33,苏芮琪
,['苏芮琪 极光之城'],苏芮琪
https://weibo.cn//agatec,怊彻,女,浙江,769,141,97,苏芮琪 极光之城,0,2021-04-20 12:18,苏芮琪
,['苏芮琪 极光之城'],苏芮琪
https://weibo.cn//u/6223902582,葭月肆_,女,江苏,850,133,53,苏芮琪 极光之城,0,2021-04-20 11:53,苏芮琪
,['苏芮琪 极光之城'],苏芮琪
https://weibo.cn//u/1774222775,Sury小颖猫,女,其他,12248,78,223,苏芮琪 极光之城,0,2021-04-20 08:44,苏芮琪
,['苏芮琪 极光之城'],苏芮琪
https://weibo.cn//u/7544191190,枫糖希奇,女,四川,335,24,1006,苏芮琪 极光之城,0,2021-04-20 08:29,苏芮琪
,['苏芮琪 极光之城'],苏芮琪
https://weibo.cn//u/1853656385,Q文_Zoe-Q,女,山东,1415,126,1650,回复@可爱迷人小Tinker:,0,2021-04-19 19:49,tin宝
,['回复@可爱迷人小Tinker:'],tin宝
https://weibo.cn//u/5840338727,可爱迷人小Tinker,女,江苏,1747,496,231,回复@Q文_Zoe-Q:收货划破了,0,2021-04-19 19:32,tin宝
,['回复@Q文_Zoe-Q:收货划破了'],tin宝
https://weibo.cn//u/1853656385,Q文_Zoe-Q,女,山东,1415,126,1650,手怎么了？,0,2021-04-19 19:26,tin宝
,['手怎么了？'],tin宝
https://weibo.cn//u/5840338727,可爱迷人小Tinker,女,江苏,1747,496,231,回复@满月最思君:敲可爱的水豚！,0,2021-04-19 18:41,tin宝
,['回复@满月最思君:敲可爱的水豚！'],tin宝
https://weibo.cn//u/5174824697,满月最思君,女,海外,713,618,265,可可爱爱,0,2021-04-19 18:38,tin宝
,['可可爱爱'],tin宝
