微博id,发布者昵称,发布者性别,发布者地区,发布者关注数,发布者粉丝数,微博正文,原始图片url,发布时间,发布工具,点赞数,转发数,评论数,发布位置
KbB3piuxk,飞天小女警ha,女,其他,106,55,飞天小女警ha:#王者荣耀[超话]#昨天看KPL比赛，有一说一，无畏和一诺是真的帅呀，一诺昨天眼里好像只有点塔，表示没赢过哈哈哈最开心的应该是DYG了吧  原图 ,无,2021-04-18 10:44,王者荣耀超话,0,0,0,无
KbB3oEDSQ,卡卡西米露u,女,海外,1006,135,卡卡西米露u:#王者荣耀[超话]# 为什么单排遇到智障的几率那么大..真是无语！！！兵不会清龙不会打装不会出家不会守自己不行还b话连篇.[裂开]累了啊。微信区都是些什么🐂🐎...  ,无,2021-04-18 10:44,王者荣耀超话,0,0,0,无
KbB3o5roZ,头发蓬蓬奥,女,江苏,112,48,头发蓬蓬奥:#王者荣耀[超话]#大汉迷了路？[笑cry] 头发蓬蓬奥的微博视频  ,无,2021-04-18 10:44,王者荣耀超话,0,0,0,无
KbB3o6y6d,初夏的夜之梦0909,女,江苏,217,196,初夏的夜之梦0909:#微博俱乐部WB王者荣耀战队[超话]# 歪个楼！我们wb接下来每场都在南京打吗？会有在上海打的队嘛？我在猫眼上查票，还看不见  原图 ,无,2021-04-18 10:44,微博俱乐部WB王者荣耀战队超话,0,0,0,无
KbB3fgNto,网瘾少女想出门,女,海外,392,8828,网瘾少女想出门:#王者荣耀[超话]##上官婉儿##巅峰赛##我就是玩# 春天该很好，你若尚在场。   西安 网瘾少女想出门的微博视频  显示地图 ,#我就是玩#,2021-04-18 10:44,微博视频号,0,0,1,无
KbB3eE3xU,天才小娇崽,女,四川,130,149,天才小娇崽:#王者荣耀[超话]#家人们大乔哪个省分低点[doge]  ,无,2021-04-18 10:44,王者荣耀超话,0,0,1,无
KbB38rPK5,王加一点叫玉,女,其他,79,102,王加一点叫玉:#王者荣耀拖米[超话]# 大家都喜欢各种cp，我感觉只有我喜欢的cp比较小众冷门，我喜欢灿特趣三排王者荣耀，小学生斗嘴三人组[哈哈]  ,无,2021-04-18 10:44,王者荣耀拖米超话,0,0,0,无
KbB37eMFP,游戏攻略哥,男,江西,124,136569,游戏攻略哥:这是有钱人才有的颜色#王者荣耀#  原图 ,无,2021-04-18 10:44,王者荣耀超话,0,0,0,无
KbB3fgNto,网瘾少女想出门,女,海外,392,8828,网瘾少女想出门:#王者荣耀[超话]##上官婉儿##巅峰赛##我就是玩# 春天该很好，你若尚在场。   西安 网瘾少女想出门的微博视频  显示地图 ,#我就是玩#,2021-04-18 10:44,微博视频号,0,0,1,无
KbB3eE3xU,天才小娇崽,女,四川,130,149,天才小娇崽:#王者荣耀[超话]#家人们大乔哪个省分低点[doge]  ,无,2021-04-18 10:44,王者荣耀超话,0,0,1,无
KbB38rPK5,王加一点叫玉,女,其他,79,102,王加一点叫玉:#王者荣耀拖米[超话]# 大家都喜欢各种cp，我感觉只有我喜欢的cp比较小众冷门，我喜欢灿特趣三排王者荣耀，小学生斗嘴三人组[哈哈]  ,无,2021-04-18 10:43,王者荣耀拖米超话,0,0,0,无
KbB37eMFP,游戏攻略哥,男,江西,124,136569,游戏攻略哥:这是有钱人才有的颜色#王者荣耀#  原图 ,无,2021-04-18 10:43,王者荣耀超话,0,0,0,无
KbB2yr3ur,萌萌哒婷小姐,女,上海,169,1057948,萌萌哒婷小姐:当胖婷遇到直男队友？真的是人间不值得！#王者荣耀# #王者荣耀[超话]# #虎牙婷小姐[超话]# 萌萌哒婷小姐的微博视频  ,无,2021-04-18 10:42,虎牙婷小姐超话,1,0,1,无
KbB1tkhy7,WH_WONG,男,香港,736,410,WH_WONG:#王者荣耀[超话]# 挂cpdd iOS V区 95男 滴个姐姐 阿姨啥都行 一般晚上或周末才有时间玩游戏 匹配娱乐为主 不嫌我菜就行 分可以自己上 有时间一起玩就行 开心就好  原图 ,无,2021-04-18 10:39,王者荣耀超话,0,0,2,无
KbzPsjGyX,大堂掌柜coc,男,上海,1388,6329,大堂掌柜coc:打野现状，有那么些许真实#王者荣耀##微博喜剧现场#  [组图共4张] 原图 ,无,2021-04-18 07:15 ,小米手机5,0,0,0,无
KbB0XomQj,一句冷幽默,男,四川,1209,1573115,一句冷幽默:王者荣耀代练选@王者荣耀小昱代陪练命运负责洗牌，但是玩牌的是我们自己#王者荣耀代练代打##王者荣耀陪练陪打# 一句冷幽默的微博视频  ,无,2021-04-18 10:38,王者荣耀搞笑段子超话,0,0,0,无
