https://weibo.cn//u/3891987500,假婊,女,海外,189,134,71,Grey November，I’ve been down since July.,5,2021-04-22 10:50 ,aaa
https://weibo.cn//u/5931914636,声破天是什么,女,海外,2330,798,445,油腻流放被永恒同名秒杀,4,2021-04-22 10:49 ,aaa
https://weibo.cn//u/5661962287,全球公认内夫人fly,女,四川,1158,240,302,毫无悬念,2,2021-04-22 12:16 ,aaa
https://weibo.cn//u/5661962287,全球公认内夫人fly,女,四川,1158,240,302,毫无悬念,2,2021-04-22 12:16 ,aaa
https://weibo.cn//u/6035300907,夜黑Rich,女,上海,439,147,77,回复@春江花月夜438:evermore的歌词就已经秒杀夫妻吵架的刘芳了,0,2021-04-22 12:11 ,aaa
https://weibo.cn//u/6035300907,夜黑Rich,女,上海,439,147,77,回复@假婊:evermore的耐听度歌词规模立意秒了刘芳,0,2021-04-22 12:11 ,aaa
https://weibo.cn//u/6035300907,夜黑Rich,女,上海,439,147,77,油腻不耐听听几天就想吐的刘芳没我永恒的钢琴转调吊打,0,2021-04-22 12:10 ,aaa
https://weibo.cn//u/2309381907,飞向土味六,男,安徽,389,307,44,流放最后一段真的又臭又长，但我还是选流放,0,2021-04-22 11:58 ,aaa
https://weibo.cn//u/5515708164,残酷夏日ts,男,广东,1449,1151,238,投票结果已经说明了一切,0,2021-04-22 11:53 ,aaa
https://weibo.cn//u/7322151070,TSTSTS1314,女,甘肃,10,38,7,原地去世,0,2021-04-22 10:59 ,aaa
https://weibo.cn//u/3891987500,假婊,女,海外,189,134,71,Grey November，I’ve been down since July.,5,2021-04-22 10:50 ,aaa
https://weibo.cn//u/5931914636,声破天是什么,女,海外,2330,798,445,油腻流放被永恒同名秒杀,4,2021-04-22 10:49 ,aaa
https://weibo.cn//u/7279216972,想看腹肌,男,澳门,1179,653,281,没有悬念,2,2021-04-22 10:39 ,aaa
https://weibo.cn//u/5869380269,春江花月夜438,男,湖北,68,172,1,为什么喜欢evermore的这么少... 明明神仙唱腔变奏,0,2021-04-22 10:37 ,aaa
评论者主页,评论者昵称,评论者性别,评论者所在地,评论者微博数,评论者关注数,评论者粉丝数,评论内容,评论获赞数,评论发布时间,aaa
https://weibo.cn//u/3891987500,假婊,女,海外,190,134,71,Grey November，I’ve been down since July.,5,2021-04-22 10:50 ,aaa
https://weibo.cn//u/5931914636,声破天是什么,女,海外,2330,798,445,油腻流放被永恒同名秒杀,4,2021-04-22 10:49 ,aaa
https://weibo.cn//u/5661962287,全球公认内夫人fly,女,四川,1158,240,302,毫无悬念,2,2021-04-22 12:16 ,aaa
https://weibo.cn//u/5661962287,全球公认内夫人fly,女,四川,1158,240,302,毫无悬念,2,2021-04-22 12:16 ,aaa
https://weibo.cn//u/6035300907,夜黑Rich,女,上海,439,147,77,回复@春江花月夜438:evermore的歌词就已经秒杀夫妻吵架的刘芳了,0,2021-04-22 12:11 ,aaa
https://weibo.cn//u/6035300907,夜黑Rich,女,上海,439,147,77,回复@假婊:evermore的耐听度歌词规模立意秒了刘芳,0,2021-04-22 12:11 ,aaa
https://weibo.cn//u/6035300907,夜黑Rich,女,上海,439,147,77,油腻不耐听听几天就想吐的刘芳没我永恒的钢琴转调吊打,1,2021-04-22 12:10 ,aaa
https://weibo.cn//u/2309381907,飞向土味六,男,安徽,389,307,44,流放最后一段真的又臭又长，但我还是选流放,0,2021-04-22 11:58 ,aaa
https://weibo.cn//u/5515708164,残酷夏日ts,男,广东,1449,1151,238,投票结果已经说明了一切,0,2021-04-22 11:53 ,aaa
https://weibo.cn//u/7322151070,TSTSTS1314,女,甘肃,10,38,7,原地去世,0,2021-04-22 10:59 ,aaa
https://weibo.cn//u/3891987500,假婊,女,海外,190,134,71,Grey November，I’ve been down since July.,5,2021-04-22 10:50 ,aaa
https://weibo.cn//u/5931914636,声破天是什么,女,海外,2330,798,445,油腻流放被永恒同名秒杀,4,2021-04-22 10:49 ,aaa
https://weibo.cn//u/7279216972,想看腹肌,男,澳门,1179,653,281,没有悬念,2,2021-04-22 10:39 ,aaa
https://weibo.cn//u/5869380269,春江花月夜438,男,湖北,68,172,1,为什么喜欢evermore的这么少... 明明神仙唱腔变奏,0,2021-04-22 10:37 ,aaa
